{
  "metadata": [],
  "structuredContent": {
    "quickReplies": {
      "type": "quickReplies",
      "itemsPerRow": 8,
      "replies": [
        {
          "type": "button",
          "tooltip": "",
          "title": "Generic",
          "click": {
            "actions": [
              {
                "type": "publishText",
                "text": "Generic"
              }
            ],
            "metadata": []
          }
        },
        {
          "type": "button",
          "tooltip": "",
          "title": "Carousel",
          "click": {
            "actions": [
              {
                "type": "publishText",
                "text": "Carousel"
              }
            ],
            "metadata": []
          }
        },
        {
          "type": "button",
          "tooltip": "",
          "title": "Button",
          "click": {
            "actions": [
              {
                "type": "publishText",
                "text": "Button"
              }
            ],
            "metadata": []
          }
        },
        {
          "type": "button",
          "tooltip": "",
          "title": "Quick Replies",
          "click": {
            "actions": [
              {
                "type": "publishText",
                "text": "Quick Replies"
              }
            ],
            "metadata": []
          }
        }
      ]
    },
    "message": "Which type of rich content do you want to see?"
  }
}