{
  "metadata": [],
  "structuredContent": {
    "quickReplies": {
      "type": "quickReplies",
      "itemsPerRow": 8,
      "replies": [
        {
          "type": "button",
          "tooltip": "",
          "title": "Card",
          "click": {
            "actions": [
              {
                "type": "publishText",
                "text": "GBM Card"
              }
            ]
          }
        },
        {
          "type": "button",
          "tooltip": "",
          "title": "Carousel",
          "click": {
            "actions": [
              {
                "type": "publishText",
                "text": "GBM Carousel"
              }
            ]
          }
        },
        {
          "type": "button",
          "tooltip": "",
          "title": "Quick Replies",
          "click": {
            "actions": [
              {
                "type": "publishText",
                "text": "GBM Quick Replies"
              }
            ]
          }
        }
      ]
    },
    "message": "Which type of rich content do you want to see?"
  }
}