{
  "metadata": [],
  "structuredContent": {
    "quickReplies": {
      "type": "quickReplies",
      "itemsPerRow": 8,
      "replies": [
        {
          "type": "button",
          "tooltip": "",
          "title": "Transfer to Agent",
          "click": {
            "actions": [
              {
                "type": "publishText",
                "text": "Transfer to Agent"
              }
            ],
            "metadata": []
          }
        },
        {
          "type": "button",
          "tooltip": "",
          "title": "Transfer to Skill",
          "click": {
            "actions": [
              {
                "type": "publishText",
                "text": "Transfer to Skill"
              }
            ],
            "metadata": []
          }
        },
        {
          "type": "button",
          "tooltip": "",
          "title": "Delayed Message",
          "click": {
            "actions": [
              {
                "type": "publishText",
                "text": "Delayed Message"
              }
            ],
            "metadata": []
          }
        },
        {
          "type": "button",
          "tooltip": "",
          "title": "Close conversation",
          "click": {
            "actions": [
              {
                "type": "publishText",
                "text": "Close conversation"
              }
            ],
            "metadata": []
          }
        },
        {
          "type": "button",
          "tooltip": "",
          "title": "More",
          "click": {
            "actions": [
              {
                "type": "publishText",
                "text": "More Vendor Actions"
              }
            ],
            "metadata": []
          }
        }
      ]
    },
    "message": "Which Vendor Action would you like to see?"
  }
}