{
  "metadata": [],
  "structuredContent": {
    "quickReplies": {
      "type": "quickReplies",
      "itemsPerRow": 8,
      "replies": [
        {
          "type": "button",
          "tooltip": "",
          "title": "Card",
          "click": {
            "actions": [
              {
                "type": "publishText",
                "text": "Web Card"
              }
            ]
          }
        },
        {
          "type": "button",
          "tooltip": "",
          "title": "Date Picker",
          "click": {
            "actions": [
              {
                "type": "publishText",
                "text": "Web Carousel"
              }
            ]
          }
        },
        {
          "type": "button",
          "tooltip": "",
          "title": "Schedule Slot List",
          "click": {
            "actions": [
              {
                "type": "publishText",
                "text": "Web Schedule Slot List"
              }
            ]
          }
        },
        {
          "type": "button",
          "tooltip": "",
          "title": "Multiple Checklist",
          "click": {
            "actions": [
              {
                "type": "publishText",
                "text": "Web Multiple Checklist"
              }
            ]
          }
        },
        {
          "type": "button",
          "tooltip": "",
          "title": "Vendor Actions",
          "click": {
            "actions": [
              {
                "type": "publishText",
                "text": "Vendor Actions"
              }
            ]
          }
        }
      ]
    },
    "message": "Which type of rich content do you want to see?"
  }
}