{
  "agentTransfer": [
    "transfer to agent",
    "agent transfer",
    "transfer agent"
  ],
  "apple": [
    "apple",
    "abc"
  ],
  "appleAuth": [
    "apple auth",
    "auth"
  ],
  "appleCustomInteractiveMessage": [
    "apple custom interactive message",
    "custom interactive message"
  ],
  "appleListPicker": [
    "apple list picker"
  ],
  "applePay": [
    "apple pay",
    "abc pay"
  ],
  "appleRichLinks": [
    "apple rich links"
  ],
  "appleTimePicker": [
    "apple time picker"
  ],
  "endConversation": [
    "close conversation",
    "bye",
    "cya",
    "close",
    "end conversation",
    "end"
  ],
  "delayPauseConversation": [
    "delay",
    "delay conversation",
    "pause",
    "pause conversation",
    "delay message"
  ],
  "encodedMetadata": [
    "encoded",
    "encoded metadata"
  ],
  "facebook": [
    "fb",
    "facebook"
  ],
  "facebookButton": [
    "button template",
    "button"
  ],
  "facebookCarousel": [
    "carousel template",
    "carousel"
  ],
  "facebookGeneric": [
    "facebook generic template",
    "fb generic",
    "facebook generic",
    "fb generic template"
  ],
  "facebookQuickReplies": [
    "quick replies",
    "quick replies template",
    "qr"
  ],
  "gbm": [
    "gbm",
    "google business messages"
  ],
  "gbmCard": [
    "gbm card",
    "google business messages card"
  ],
  "gbmCarousel": [
    "gbm carousel",
    "google business messages carousel"
  ],
  "gbmQuickReplies": [
    "gbm quick replies",
    "gbm qr",
    "google business message quick reply",
    "google business messages qr"
  ],
  "invokeFunction": [
    "invoke function",
    "function",
    "invoke"
  ],
  "line": [
    "rich content line",
    "line"
  ],
  "lineCard": [
    "line card"
  ],
  "lineCarousel": [
    "line carousel"
  ],
  "lineQR": [
    "line qr",
    "line quick replies"
  ],
  "privateMessage": [
    "private message"
  ],
  "rcs": [
    "google rcs",
    "rcs"
  ],
  "rcsCard": [
    "rcs card"
  ],
  "rcsCarousel": [
    "rcs carousel"
  ],
  "rcsQuickReplies": [
    "rcs quick reply",
    "rcs qr",
    "rcs quick replies"
  ],
  "richContentSelection": [
    "rich content",
    "show me the rich content",
    "i want to see the rich content",
    "let me see the richcontent",
    "rc",
    "richcontent"
  ],
  "richContentSelectionTextBased": [
    "rich content text based",
    "rich content text",
    "rc text based",
    "rc text"
  ],
  "skillTransfer": [
    "skill transfer",
    "transfer to skill",
    "transfer skill"
  ],
  "vendorActionSelection": [
    "show me the vendor actions",
    "let me the vendor action",
    "vendor action",
    "i want to see the vendor actions",
    "vendor actions",
    "back"
  ],
  "vendorActionSelectionMore": [
    "more",
    "more vendor actions"
  ],
  "vendorActionSelectionTextBased": [
    "text based",
    "abc vendor actions",
    "wa vendor actions",
    "apple business chat vendor actions",
    "whatsapp vendor actions",
    "vendor actions text based"
  ],
  "web": [
    "web",
    "web rich content"
  ],
  "webCard": [
    "web card"
  ],
  "webCarousel": [
    "web carousel"
  ],
  "webDatePicker": [
    "web date picker",
    "date picker"
  ],
  "webFallback": [
    "bella",
    "liveperson",
    "first slot",
    "first slot of the day"
  ],
  "webMultipleChecklist": [
    "multiple check list",
    "web multiple checklist",
    "multiple",
    "checklist"
  ],
  "webScheduleSlotList": [
    "schedule list",
    "web schedule slot list"
  ],
  "welcome": [
    "hello",
    "hi",
    "welcome",
    "welcome-intent"
  ],
  "whatsAppReplyButton": [
    "reply button",
    "whatsapp reply button",
    "wa reply",
    "wa reply button",
    "whatsapp",
    "wa",
    "whatsapp rich content",
    "whatsapp richcontent",
    "wa rich content",
    "wa richcontent",
    "rich content whats app",
    "rich content whatsapp",
    "whats app"
  ]
}