[
  {
    "id": "aeb8ef2b-db9f-448e-8202-ddd0a54b8060",
    "data": [
      {
        "text": "apple custom interactive message",
        "userDefined": false
      }
    ],
    "isTemplate": false,
    "count": 0,
    "lang": "en",
    "updated": 0
  },
  {
    "id": "03afc65f-c74e-401e-a6c3-7d4dd4791312",
    "data": [
      {
        "text": "custom interactive message",
        "userDefined": false
      }
    ],
    "isTemplate": false,
    "count": 0,
    "lang": "en",
    "updated": 0
  }
]