[
  {
    "id": "9551925c-500e-4923-9f00-6b925f08432f",
    "data": [
      {
        "text": "facebook Button Template",
        "userDefined": false
      }
    ],
    "isTemplate": false,
    "count": 0,
    "lang": "en",
    "updated": 0
  },
  {
    "id": "92646744-cd3c-4185-99b8-f8fe99c974b4",
    "data": [
      {
        "text": "facebook Button",
        "userDefined": false
      }
    ],
    "isTemplate": false,
    "count": 0,
    "lang": "en",
    "updated": 0
  },
  {
    "id": "a2a29459-8bdc-401e-8141-dc368f364e2e",
    "data": [
      {
        "text": "fb button template",
        "userDefined": false
      }
    ],
    "isTemplate": false,
    "count": 0,
    "lang": "en",
    "updated": 0
  },
  {
    "id": "2b35cdd3-d664-47da-afb5-779a76f4599c",
    "data": [
      {
        "text": "fb button",
        "userDefined": false
      }
    ],
    "isTemplate": false,
    "count": 0,
    "lang": "en",
    "updated": 0
  }
]