[
  {
    "id": "565a727f-1475-4add-9a31-07dd4b3992d9",
    "data": [
      {
        "text": "facebook Quick Replies",
        "userDefined": false
      }
    ],
    "isTemplate": false,
    "count": 0,
    "lang": "en",
    "updated": 0
  },
  {
    "id": "a37d4dd8-bf90-428a-b934-cdfc761e020f",
    "data": [
      {
        "text": "fb quick replies",
        "userDefined": false
      }
    ],
    "isTemplate": false,
    "count": 0,
    "lang": "en",
    "updated": 0
  },
  {
    "id": "a6609239-c09c-42b0-b910-53284e327d07",
    "data": [
      {
        "text": "facebook Quick Replies Template",
        "userDefined": false
      }
    ],
    "isTemplate": false,
    "count": 0,
    "lang": "en",
    "updated": 0
  },
  {
    "id": "df9490d2-d42d-449d-9a9a-a922c067adba",
    "data": [
      {
        "text": "fb QR",
        "userDefined": false
      }
    ],
    "isTemplate": false,
    "count": 0,
    "lang": "en",
    "updated": 0
  },
  {
    "id": "dfa9cba2-90c2-4e60-a80a-3efafb1ee2d7",
    "data": [
      {
        "text": "fb quick reply",
        "userDefined": false
      }
    ],
    "isTemplate": false,
    "count": 0,
    "lang": "en",
    "updated": 0
  }
]