[
  {
    "id": "545bc7da-e8ec-429a-ba6f-7a8fabfd998f",
    "data": [
      {
        "text": "facebook Carousel Template",
        "userDefined": false
      }
    ],
    "isTemplate": false,
    "count": 0,
    "lang": "en",
    "updated": 0
  },
  {
    "id": "b5244ca7-74b0-45c7-92f9-8f01d0fa0c9d",
    "data": [
      {
        "text": "fb carousel template",
        "userDefined": false
      }
    ],
    "isTemplate": false,
    "count": 0,
    "lang": "en",
    "updated": 0
  },
  {
    "id": "6ac9d518-c9cb-4cab-8ded-1066aeeb9cdf",
    "data": [
      {
        "text": "facebook Carousel",
        "userDefined": false
      }
    ],
    "isTemplate": false,
    "count": 0,
    "lang": "en",
    "updated": 0
  },
  {
    "id": "4c9776ea-44d9-41fd-9959-2c7fdd7777b5",
    "data": [
      {
        "text": "fb carousel",
        "userDefined": false
      }
    ],
    "isTemplate": false,
    "count": 0,
    "lang": "en",
    "updated": 0
  }
]