[
  {
    "id": "c3e7c2df-89ac-4299-8377-85c6a70b1e6b",
    "data": [
      {
        "text": "facebook generic template",
        "userDefined": false
      }
    ],
    "isTemplate": false,
    "count": 0,
    "lang": "en",
    "updated": 0
  },
  {
    "id": "502c3a7a-a362-4f89-abcc-fee5038974a8",
    "data": [
      {
        "text": "fb generic",
        "userDefined": false
      }
    ],
    "isTemplate": false,
    "count": 0,
    "lang": "en",
    "updated": 0
  },
  {
    "id": "632e1c81-d5a6-4926-b347-5e4024d17924",
    "data": [
      {
        "text": "facebook generic",
        "userDefined": false
      }
    ],
    "isTemplate": false,
    "count": 0,
    "lang": "en",
    "updated": 0
  },
  {
    "id": "e6f8db32-8bdc-4461-8639-673c02cca6a9",
    "data": [
      {
        "text": "fb generic template",
        "userDefined": false
      }
    ],
    "isTemplate": false,
    "count": 0,
    "lang": "en",
    "updated": 0
  }
]