[
  {
    "id": "5635d3c5-985a-43cf-91d6-08a50247413e",
    "data": [
      {
        "text": "GBM quick replies",
        "userDefined": false
      }
    ],
    "isTemplate": false,
    "count": 0,
    "lang": "en",
    "updated": 0
  },
  {
    "id": "7f090821-1d7f-45b1-b1d4-8df0c9f9b12f",
    "data": [
      {
        "text": "GBM QR",
        "userDefined": false
      }
    ],
    "isTemplate": false,
    "count": 0,
    "lang": "en",
    "updated": 0
  },
  {
    "id": "5da3c677-9684-4a92-9a0b-9b86864653a9",
    "data": [
      {
        "text": "google business message quick reply",
        "userDefined": false
      }
    ],
    "isTemplate": false,
    "count": 0,
    "lang": "en",
    "updated": 0
  },
  {
    "id": "787d8115-3d6b-45bc-827f-3a4aaba7eff3",
    "data": [
      {
        "text": "google business messages qr",
        "userDefined": false
      }
    ],
    "isTemplate": false,
    "count": 0,
    "lang": "en",
    "updated": 0
  }
]