[
  {
    "id": "34b42fee-d6cb-4815-a9dc-f6ab69b678c6",
    "data": [
      {
        "text": "Invoke function",
        "userDefined": false
      }
    ],
    "isTemplate": false,
    "count": 0,
    "lang": "en",
    "updated": 0
  },
  {
    "id": "42ac5a65-0ade-466f-bfb4-b408182df000",
    "data": [
      {
        "text": "function",
        "userDefined": false
      }
    ],
    "isTemplate": false,
    "count": 0,
    "lang": "en",
    "updated": 0
  },
  {
    "id": "fd1283df-82dc-413c-9fdc-4cf8c250a793",
    "data": [
      {
        "text": "invoke",
        "userDefined": false
      }
    ],
    "isTemplate": false,
    "count": 0,
    "lang": "en",
    "updated": 0
  }
]