[
  {
    "id": "1ea85634-57f6-4dcc-8c51-11ac5d8de495",
    "data": [
      {
        "text": "RCS quick reply",
        "userDefined": false
      }
    ],
    "isTemplate": false,
    "count": 0,
    "lang": "en",
    "updated": 0
  },
  {
    "id": "185d0a68-acbf-4da7-9a75-315c1a5a8570",
    "data": [
      {
        "text": "rcs qr",
        "userDefined": false
      }
    ],
    "isTemplate": false,
    "count": 0,
    "lang": "en",
    "updated": 0
  },
  {
    "id": "63588e1a-eca0-4d6d-9ca3-90d11b917fda",
    "data": [
      {
        "text": "rcs quick replies",
        "userDefined": false
      }
    ],
    "isTemplate": false,
    "count": 0,
    "lang": "en",
    "updated": 0
  }
]