[
  {
    "id": "0ead148c-43d3-43dc-ab20-690da88c40a6",
    "data": [
      {
        "text": "Rich Content",
        "userDefined": false
      }
    ],
    "isTemplate": false,
    "count": 0,
    "lang": "en",
    "updated": 0
  },
  {
    "id": "94da16ea-4647-495a-ba3c-c29ff1c31802",
    "data": [
      {
        "text": "Show me the rich content",
        "userDefined": false
      }
    ],
    "isTemplate": false,
    "count": 0,
    "lang": "en",
    "updated": 0
  },
  {
    "id": "c4b3c862-ea9e-440c-90e1-b606d673db47",
    "data": [
      {
        "text": "I want to see the rich content",
        "userDefined": false
      }
    ],
    "isTemplate": false,
    "count": 0,
    "lang": "en",
    "updated": 0
  },
  {
    "id": "b8f254b6-5394-4a20-a684-22cdae643234",
    "data": [
      {
        "text": "let me see the richcontent",
        "userDefined": false
      }
    ],
    "isTemplate": false,
    "count": 0,
    "lang": "en",
    "updated": 0
  },
  {
    "id": "b2ed7b53-5c39-4302-9863-d3c243221627",
    "data": [
      {
        "text": "RC",
        "userDefined": false
      }
    ],
    "isTemplate": false,
    "count": 0,
    "lang": "en",
    "updated": 0
  },
  {
    "id": "36674de0-4e0d-4974-892d-ab318b1c5873",
    "data": [
      {
        "text": "RichContent",
        "userDefined": false
      }
    ],
    "isTemplate": false,
    "count": 0,
    "lang": "en",
    "updated": 0
  }
]