[
  {
    "id": "e957d053-841b-4cb2-b555-2812b5ac1e96",
    "data": [
      {
        "text": "rich content text based",
        "userDefined": false
      }
    ],
    "isTemplate": false,
    "count": 0,
    "lang": "en",
    "updated": 0
  },
  {
    "id": "e27e2127-d767-445e-b47b-fb55a2c645dd",
    "data": [
      {
        "text": "rich content text",
        "userDefined": false
      }
    ],
    "isTemplate": false,
    "count": 0,
    "lang": "en",
    "updated": 0
  },
  {
    "id": "1e4634ec-11c6-47bb-856c-30337078f9a9",
    "data": [
      {
        "text": "RC text based",
        "userDefined": false
      }
    ],
    "isTemplate": false,
    "count": 0,
    "lang": "en",
    "updated": 0
  },
  {
    "id": "51697e59-0e2c-4428-b9cb-0cca85082711",
    "data": [
      {
        "text": "RC text",
        "userDefined": false
      }
    ],
    "isTemplate": false,
    "count": 0,
    "lang": "en",
    "updated": 0
  }
]