[
  {
    "id": "ad846c1e-075a-4b14-bcf9-32165056d666",
    "data": [
      {
        "text": "skill transfer",
        "userDefined": false
      }
    ],
    "isTemplate": false,
    "count": 0,
    "lang": "en",
    "updated": 0
  },
  {
    "id": "c1af31f6-ae36-4ffd-aee0-5f521c881114",
    "data": [
      {
        "text": "transfer to skill",
        "userDefined": false
      }
    ],
    "isTemplate": false,
    "count": 0,
    "lang": "en",
    "updated": 0
  },
  {
    "id": "e2c2d4ce-c36a-4670-91ce-bb3e83b37e11",
    "data": [
      {
        "text": "transfer skill",
        "userDefined": false
      }
    ],
    "isTemplate": false,
    "count": 0,
    "lang": "en",
    "updated": 0
  }
]