[
  {
    "id": "0178c8a5-7920-47a0-881b-d71e91a20b72",
    "data": [
      {
        "text": "text based",
        "userDefined": false
      }
    ],
    "isTemplate": false,
    "count": 0,
    "lang": "en",
    "updated": 0
  },
  {
    "id": "8633dfb2-d8f9-4348-b9ff-18149323fd2d",
    "data": [
      {
        "text": "ABC vendor actions",
        "userDefined": false
      }
    ],
    "isTemplate": false,
    "count": 0,
    "lang": "en",
    "updated": 0
  },
  {
    "id": "0ceeedaf-bcd3-4a5e-8ce1-7bad05c95723",
    "data": [
      {
        "text": "wa vendor actions",
        "userDefined": false
      }
    ],
    "isTemplate": false,
    "count": 0,
    "lang": "en",
    "updated": 0
  },
  {
    "id": "c73b4d97-5a28-4d29-88a0-695856505dc9",
    "data": [
      {
        "text": "apple business chat vendor actions",
        "userDefined": false
      }
    ],
    "isTemplate": false,
    "count": 0,
    "lang": "en",
    "updated": 0
  },
  {
    "id": "57496782-5a74-4793-8193-0e362f20ce2a",
    "data": [
      {
        "text": "whatsapp vendor actions",
        "userDefined": false
      }
    ],
    "isTemplate": false,
    "count": 0,
    "lang": "en",
    "updated": 0
  },
  {
    "id": "37aade72-8717-4b6f-b716-5fd7e922950d",
    "data": [
      {
        "text": "vendor actions text based",
        "userDefined": false
      }
    ],
    "isTemplate": false,
    "count": 0,
    "lang": "en",
    "updated": 0
  }
]