[
  {
    "id": "06d3c856-c407-4934-b305-a1da3f8be9df",
    "data": [
      {
        "text": "Show me the vendor actions",
        "userDefined": false
      }
    ],
    "isTemplate": false,
    "count": 0,
    "lang": "en",
    "updated": 0
  },
  {
    "id": "a3cb3d85-0b4e-4665-94a4-1f70d8460f37",
    "data": [
      {
        "text": "let me the vendor action",
        "userDefined": false
      }
    ],
    "isTemplate": false,
    "count": 0,
    "lang": "en",
    "updated": 0
  },
  {
    "id": "bd097b46-6e93-44db-991e-3eec9fff5af6",
    "data": [
      {
        "text": "vendor action",
        "userDefined": false
      }
    ],
    "isTemplate": false,
    "count": 0,
    "lang": "en",
    "updated": 0
  },
  {
    "id": "3b066907-8315-40a9-a8a0-9e7149f32544",
    "data": [
      {
        "text": "I want to see the vendor actions",
        "userDefined": false
      }
    ],
    "isTemplate": false,
    "count": 0,
    "lang": "en",
    "updated": 0
  },
  {
    "id": "07ba66a6-8421-474f-9472-2fcdb3063bcc",
    "data": [
      {
        "text": "Vendor Actions",
        "userDefined": false
      }
    ],
    "isTemplate": false,
    "count": 0,
    "lang": "en",
    "updated": 0
  },
  {
    "id": "507eded1-94cf-4638-8e64-5e32b7f3ee33",
    "data": [
      {
        "text": "back",
        "userDefined": false
      }
    ],
    "isTemplate": false,
    "count": 0,
    "lang": "en",
    "updated": 0
  }
]