[
  {
    "id": "413da778-a74c-4363-b9a2-384528c4b7fd",
    "data": [
      {
        "text": "Bella",
        "userDefined": false
      }
    ],
    "isTemplate": false,
    "count": 0,
    "lang": "en",
    "updated": 0
  },
  {
    "id": "4e56bb90-ee86-44b9-a596-e899d17c47a0",
    "data": [
      {
        "text": "LivePerson",
        "userDefined": false
      }
    ],
    "isTemplate": false,
    "count": 0,
    "lang": "en",
    "updated": 0
  },
  {
    "id": "047f8a2b-f61a-4a89-a5e3-d81a28016159",
    "data": [
      {
        "text": "first slot",
        "userDefined": false
      }
    ],
    "isTemplate": false,
    "count": 0,
    "lang": "en",
    "updated": 0
  },
  {
    "id": "7bf4e1c7-2593-46a5-b031-bd257865722c",
    "data": [
      {
        "text": "first slot of the day",
        "userDefined": false
      }
    ],
    "isTemplate": false,
    "count": 0,
    "lang": "en",
    "updated": 0
  }
]