[
  {
    "id": "407c431c-5bf9-4e23-8db3-01e261d0a0ea",
    "data": [
      {
        "text": "multiple check list",
        "userDefined": false
      }
    ],
    "isTemplate": false,
    "count": 0,
    "lang": "en",
    "updated": 0
  },
  {
    "id": "edfbc1f0-f600-4c22-999d-4384514b234c",
    "data": [
      {
        "text": "web multiple checklist",
        "userDefined": false
      }
    ],
    "isTemplate": false,
    "count": 0,
    "lang": "en",
    "updated": 0
  },
  {
    "id": "4ff1e000-809c-413b-9014-26dcd1e3244d",
    "data": [
      {
        "text": "multiple",
        "userDefined": false
      }
    ],
    "isTemplate": false,
    "count": 0,
    "lang": "en",
    "updated": 0
  },
  {
    "id": "1f8ab4ad-ede3-42ef-84a1-68663675072f",
    "data": [
      {
        "text": "checklist",
        "userDefined": false
      }
    ],
    "isTemplate": false,
    "count": 0,
    "lang": "en",
    "updated": 0
  }
]