[
  {
    "id": "4edfe357-740e-4f41-9e4b-9e71081df44d",
    "data": [
      {
        "text": "Hello",
        "userDefined": false
      }
    ],
    "isTemplate": false,
    "count": 0,
    "lang": "en",
    "updated": 0
  },
  {
    "id": "c3379021-edb7-43f6-80e5-b70886244c21",
    "data": [
      {
        "text": "Hi",
        "userDefined": false
      }
    ],
    "isTemplate": false,
    "count": 0,
    "lang": "en",
    "updated": 0
  },
  {
    "id": "a01dbf42-b096-4a80-b37c-ba8bfde87a03",
    "data": [
      {
        "text": "Welcome",
        "userDefined": false
      }
    ],
    "isTemplate": false,
    "count": 0,
    "lang": "en",
    "updated": 0
  },
  {
    "id": "6c898173-c046-45b5-bb9d-4d0fca99f977",
    "data": [
      {
        "text": "WELCOME-INTENT",
        "userDefined": false
      }
    ],
    "isTemplate": false,
    "count": 0,
    "lang": "en",
    "updated": 0
  }
]