[
  {
    "id": "356a1095-7f5f-4a54-8bc2-2eebca013f52",
    "data": [
      {
        "text": "reply button",
        "userDefined": false
      }
    ],
    "isTemplate": false,
    "count": 0,
    "lang": "en",
    "updated": 0
  },
  {
    "id": "82252bdb-0a6a-427e-93d1-9d85ae9bd631",
    "data": [
      {
        "text": "whatsapp reply button",
        "userDefined": false
      }
    ],
    "isTemplate": false,
    "count": 0,
    "lang": "en",
    "updated": 0
  },
  {
    "id": "52460e3d-0ed9-4746-9d2d-63ae98257d93",
    "data": [
      {
        "text": "wa reply",
        "userDefined": false
      }
    ],
    "isTemplate": false,
    "count": 0,
    "lang": "en",
    "updated": 0
  },
  {
    "id": "692661d8-f2f8-47fa-b50a-88c47492429d",
    "data": [
      {
        "text": "wa reply button",
        "userDefined": false
      }
    ],
    "isTemplate": false,
    "count": 0,
    "lang": "en",
    "updated": 0
  },
  {
    "id": "451739d5-16fa-4380-ba2b-10f5950c8c30",
    "data": [
      {
        "text": "whatsapp",
        "userDefined": false
      }
    ],
    "isTemplate": false,
    "count": 0,
    "lang": "en",
    "updated": 0
  },
  {
    "id": "c1be925d-810c-4af6-8a48-a7d0d8f1cf33",
    "data": [
      {
        "text": "wa",
        "userDefined": false
      }
    ],
    "isTemplate": false,
    "count": 0,
    "lang": "en",
    "updated": 0
  },
  {
    "id": "2d042c2a-6b7d-4303-8eac-60c5f9c90ef4",
    "data": [
      {
        "text": "whatsapp rich content",
        "userDefined": false
      }
    ],
    "isTemplate": false,
    "count": 0,
    "lang": "en",
    "updated": 0
  },
  {
    "id": "2ac35f44-141d-48da-bf39-3e766a169a54",
    "data": [
      {
        "text": "whatsapp richcontent",
        "userDefined": false
      }
    ],
    "isTemplate": false,
    "count": 0,
    "lang": "en",
    "updated": 0
  },
  {
    "id": "0012a71c-4787-4771-9fec-c73655ee8ad4",
    "data": [
      {
        "text": "WA rich content",
        "userDefined": false
      }
    ],
    "isTemplate": false,
    "count": 0,
    "lang": "en",
    "updated": 0
  },
  {
    "id": "95ed42ab-e6ed-4bc3-a31b-c1b6e8207211",
    "data": [
      {
        "text": "WA richcontent",
        "userDefined": false
      }
    ],
    "isTemplate": false,
    "count": 0,
    "lang": "en",
    "updated": 0
  },
  {
    "id": "8713f71a-a922-4941-bd8a-885c69890be8",
    "data": [
      {
        "text": "rich content whats app",
        "userDefined": false
      }
    ],
    "isTemplate": false,
    "count": 0,
    "lang": "en",
    "updated": 0
  },
  {
    "id": "7555539d-12d4-44c5-b912-3b9ae2df3e33",
    "data": [
      {
        "text": "rich content whatsapp",
        "userDefined": false
      }
    ],
    "isTemplate": false,
    "count": 0,
    "lang": "en",
    "updated": 0
  },
  {
    "id": "f2ae4a07-55d8-4138-8235-0d354402fa24",
    "data": [
      {
        "text": "whats app",
        "userDefined": false
      }
    ],
    "isTemplate": false,
    "count": 0,
    "lang": "en",
    "updated": 0
  }
]